user_id,name,email,created_at
user_000,User 0,user0@example.com,2025-03-20 00:00:00
user_001,User 1,user1@example.com,2024-06-02 00:00:00
user_002,User 2,user2@example.com,2024-01-02 00:00:00
user_003,User 3,user3@example.com,2023-11-30 00:00:00
user_004,User 4,user4@example.com,2023-02-16 00:00:00
user_005,User 5,user5@example.com,2022-05-19 00:00:00
user_006,User 6,user6@example.com,2025-04-07 00:00:00
user_007,User 7,user7@example.com,2025-04-18 00:00:00
user_008,User 8,user8@example.com,2022-09-23 00:00:00
user_009,User 9,user9@example.com,2022-06-08 00:00:00
user_010,User 10,user10@example.com,2022-11-21 00:00:00
user_011,User 11,user11@example.com,2022-07-01 00:00:00
user_012,User 12,user12@example.com,2022-01-19 00:00:00
user_013,User 13,user13@example.com,2024-06-13 00:00:00
user_014,User 14,user14@example.com,2022-03-06 00:00:00
user_015,User 15,user15@example.com,2024-12-18 00:00:00
user_016,User 16,user16@example.com,2022-07-04 00:00:00
user_017,User 17,user17@example.com,2024-03-11 00:00:00
user_018,User 18,user18@example.com,2024-02-28 00:00:00
user_019,User 19,user19@example.com,2022-01-09 00:00:00
user_020,User 20,user20@example.com,2024-11-04 00:00:00
user_021,User 21,user21@example.com,2024-11-19 00:00:00
user_022,User 22,user22@example.com,2022-07-07 00:00:00
user_023,User 23,user23@example.com,2024-04-20 00:00:00
user_024,User 24,user24@example.com,2024-08-01 00:00:00
user_025,User 25,user25@example.com,2022-11-04 00:00:00
user_026,User 26,user26@example.com,2022-07-26 00:00:00
user_027,User 27,user27@example.com,2022-07-23 00:00:00
user_028,User 28,user28@example.com,2023-12-15 00:00:00
user_029,User 29,user29@example.com,2022-10-21 00:00:00
user_030,User 30,user30@example.com,2023-09-18 00:00:00
user_031,User 31,user31@example.com,2022-05-07 00:00:00
user_032,User 32,user32@example.com,2023-12-05 00:00:00
user_033,User 33,user33@example.com,2022-03-08 00:00:00
user_034,User 34,user34@example.com,2023-07-19 00:00:00
user_035,User 35,user35@example.com,2023-08-12 00:00:00
user_036,User 36,user36@example.com,2022-11-01 00:00:00
user_037,User 37,user37@example.com,2023-03-28 00:00:00
user_038,User 38,user38@example.com,2024-03-15 00:00:00
user_039,User 39,user39@example.com,2024-03-31 00:00:00
user_040,User 40,user40@example.com,2023-06-08 00:00:00
user_041,User 41,user41@example.com,2024-07-26 00:00:00
user_042,User 42,user42@example.com,2024-05-22 00:00:00
user_043,User 43,user43@example.com,2023-05-26 00:00:00
user_044,User 44,user44@example.com,2023-12-14 00:00:00
user_045,User 45,user45@example.com,2023-06-03 00:00:00
user_046,User 46,user46@example.com,2023-04-21 00:00:00
user_047,User 47,user47@example.com,2023-01-06 00:00:00
user_048,User 48,user48@example.com,2022-07-28 00:00:00
user_049,User 49,user49@example.com,2023-04-18 00:00:00
